scenario,initial_state,final_state,maximum_state,mean_pressure,final_resilience,cumulative_intervention,behavior_change_from_baseline,leverage_ratio
baseline,70.000000,4998.431224,4782.697205,464.306131,0.000000,5225.771766,0.000000,0.000000
parameter_intervention,70.000000,2430.847756,2327.577718,236.453295,0.000000,2972.180899,2567.583467,0.863872
feedback_intervention,70.000000,0.000000,70.000000,7.657004,11.623191,195.390916,4998.431224,25.581697
rule_intervention,70.000000,45.047557,70.000000,26.163706,0.000000,206.260395,4953.383666,24.015195
goal_intervention,70.000000,0.000000,70.000000,3.442898,86.179603,549.234325,4998.431224,9.100726
