scenario,initial_state,final_state,maximum_state,mean_pressure,final_resilience,final_learning_capacity,cumulative_intervention,behavior_change_from_baseline,leverage_ratio
baseline,70.000000,5544.191524,5544.191524,523.223092,0.000000,0.000000,5497.406603,0.000000,0.000000
parameter_intervention,70.000000,2708.411981,2708.411981,266.190288,0.000000,0.000000,3118.165860,2835.779543,0.909438
feedback_intervention,70.000000,0.000000,70.000000,7.505999,11.985602,0.000000,197.182812,5544.191524,28.117012
rule_intervention,70.000000,41.935687,70.000000,26.352722,0.000000,0.000000,206.244913,5502.255837,26.678262
goal_intervention,70.000000,0.000000,70.000000,3.254412,100.000000,76.207400,534.977485,5544.191524,10.363411
