"scenario","initial_state","final_state","maximum_state","minimum_state","mean_pressure","final_resilience","final_learning_capacity","cumulative_intervention","behavior_change_from_baseline","leverage_ratio"
"baseline",70,5544.19152414164,5544.19152414164,70,523.22309191825,0,0,5497.40660252184,0,0
"parameter_intervention",70,2708.41198103706,2708.41198103706,70,266.190288487085,0,0,3118.16586004448,2835.77954310458,0.909438327011933
"buffer_intervention",70,5265.21286819135,5265.21286819135,70,497.274603483169,0,0,5226.51414229432,278.97865595029,0.0533775760200708
"delay_intervention",70,4782.69720516957,4782.69720516957,70,464.306130908619,0,0,5225.77176637504,761.494318972066,0.145719015872806
"feedback_intervention",70,0,70,0,7.505999149046,11.9856020422896,0,197.182812329748,5544.19152414164,28.1170121200529
"information_flow_intervention",70,538.678956110142,538.678956110142,70,110.248762907874,0,0,1052.77670775332,5005.5125680315,4.75458141424266
"rule_intervention",70,41.9356866538021,70,36.1319523477778,26.3527224083238,0,0,206.244913436288,5502.25583748784,26.6782620032351
"self_organization_intervention",70,0,70,0,4.73643233853837,100,88.4895374428734,494.563235286418,5544.19152414164,11.2102783396967
"goal_intervention",70,0,70,0,3.25441150954631,100,76.2074003313634,534.977484790644,5544.19152414164,10.3634109504838
