step,active_count,cascade_share,threshold
0,3,0.0625,0.3
1,9,0.1875,0.3
2,15,0.3125,0.3
3,21,0.4375,0.3
4,27,0.5625,0.3
5,34,0.708333,0.3
6,42,0.875,0.3
7,44,0.916667,0.3
8,46,0.958333,0.3
9,48,1.0,0.3
