scenario,minimum_stock,maximum_stock,final_stock,time_to_peak,maximum_inflow,maximum_outflow,threshold_active_periods
baseline_core_principles,15.000000,76.046218,75.828781,46,2.024868,1.052311,106
short_delay,15.000000,75.828721,75.828721,160,2.024868,1.041435,97
long_delay,15.000000,78.969075,75.851208,44,2.024868,1.198454,107
weak_balancing,15.000000,79.814558,79.814558,160,2.024868,0.620364,118
lower_capacity,15.000000,64.472767,64.349672,50,1.574580,0.473638,0
strong_threshold_correction,15.000000,75.881066,75.623049,45,2.024868,1.044053,106
