"scenario","minimum_stock","maximum_stock","final_stock","average_stock","time_to_peak","maximum_reinforcing_inflow","maximum_balancing_outflow","threshold_active_periods","diagnostic"
"baseline_core_principles",15,75.8572492557086,75.8287551125678,68.1847599411002,52,2.02486821316574,1.04286246278543,103,"persistent threshold pressure"
"short_delay",15,75.8286807476283,75.8286807476283,67.9730771059237,160,2.02486821316574,1.04143248417974,94,"persistent threshold pressure"
"long_delay",15,78.4748330695019,75.8465647154186,68.4327054313518,44,2.02486821316574,1.1737416534751,107,"persistent threshold pressure"
"weak_balancing",15,79.814537758266,79.814537758266,71.1766418712385,160,2.02486821316574,0.620362230703043,117,"persistent threshold pressure"
"lower_capacity",15,64.3570130098313,64.3496540678822,58.1389953515815,58,1.57458016442998,0.467850650491565,0,"contained trajectory under current assumptions"
"strong_threshold_correction",15,75.6869579010308,75.6230586519616,68.0575916823772,48,2.02486821316574,1.03434789505154,103,"persistent threshold pressure"
"high_growth",15,77.7071386025391,77.5741969222605,71.2420265948551,39,2.58676926850886,1.13535693012696,121,"persistent threshold pressure"
