"scenario","MAE_observed","MAE_twin","RMSE_observed","RMSE_twin","anomaly_count","intervention_count","tracking_improvement_ratio","diagnostic_label"
"baseline_twin",1.32628010314738,1.04642951496552,1.69428253913361,1.38640075518814,13,9,0.181718088237464,"twin improved noisy observation"
"high_noise_twin",2.66666216801057,1.52338590858059,3.29005087595121,1.96177350943168,31,26,0.403725479210258,"twin improved noisy observation"
"shock_heavy_twin",1.5818906106002,1.4122353505589,2.01916013878196,1.88366265439952,25,19,0.067105863363654,"twin improved noisy observation"
"slow_update_twin",1.49435186410217,0.856663943445977,1.87566302014689,1.11770684548144,13,10,0.404100398911791,"twin improved noisy observation"
"resilient_twin",1.09542133962979,0.747964509537599,1.32926721222357,0.953501123152519,10,10,0.282686645405536,"twin improved noisy observation"
