"scenario","initial_state","final_state","minimum_state","maximum_pressure","collapse_threshold","recovery_threshold","hysteresis_gap","first_degraded_time","degraded_periods","final_regime","mean_net_flow","maximum_rolling_variance_12","maximum_rolling_autocorrelation_12"
"early_intervention",82,0,0,65.0500000000001,70,45,25,NA,0,"stable",-4.42931435714286,268.179631396883,0.999997797842004
"late_intervention",82,0,0,90.5499999999999,70,45,25,60,81,"degraded",-29.0943172857141,268.179631396883,0.999997797842004
"strong_recovery",82,0,0,90.5499999999999,70,45,25,60,64,"stable",-20.2241863571428,268.179631396883,0.999997797842004
"lower_threshold_stress",82,0,0,84.6000000000002,58,38,20,41,100,"degraded",-30.0918719285715,294.586462621683,0.999996828487573
"high_resilience_buffer",82,0,0,82.3999999999998,82,52,30,79,61,"stable",-18.4052412857142,254.761077486932,0.999998253871325
"hysteresis_trap",82,0,0,97.4000000000001,66,30,36,53,88,"degraded",-34.1242387142859,281.155450282432,0.999997564434475
"rapid_prevention",82,100,0,52.3000000000001,70,45,25,NA,0,"stable",0.109220321428563,268.179631396883,1
