scenario,initial_stock,final_stock,minimum_stock,depletion_ratio,cumulative_extraction,cumulative_regeneration,cumulative_unmet_demand,overshoot_periods,threshold_crossing_time
baseline,80.0,1.817176,1.817176,0.977285,153.797478,75.539328,457.045929,80,28
high_demand,80.0,1.564491,1.564491,0.980444,147.693985,69.193936,1529.533166,80,25
conservation,80.0,2.363216,2.363216,0.97046,163.679307,85.943524,447.164103,80,35
technology_rebound,80.0,0.03477,0.03477,0.999565,128.75571,48.787005,1156.696365,80,21
regeneration_stress,80.0,0.193506,0.193506,0.997581,110.561228,30.740207,500.282176,80,22
delayed_governance,80.0,1.593933,1.593933,0.980076,148.426746,69.954891,845.104104,80,25
