"scenario","initial_stock","final_stock","minimum_stock","depletion_ratio","cumulative_extraction","cumulative_regeneration","cumulative_unmet_demand","overshoot_periods","threshold_crossing_time"
"baseline",80,1.81717595001435,1.81717595001435,0.97728530062482,153.797479535369,75.539326744636,457.045930328584,80,28
"high_demand",80,1.56449118599649,1.56449118599649,0.980443860175044,147.693984756845,69.1939381892648,1529.5331626375,80,25
"conservation",80,2.36321557554673,2.36321557554673,0.970459805305666,163.679306178007,85.9435253002463,447.164103685947,80,35
"technology_rebound",80,0.0347696647009596,0.0347696647009596,0.999565379191238,128.755710815731,48.7870025468185,1156.69636337496,80,21
"regeneration_stress",80,0.19350596215874,0.19350596215874,0.997581175473016,110.561229802,30.7402059669465,500.282180061953,80,22
"delayed_governance",80,1.5939330280778,1.5939330280778,0.980075837149027,148.426748807593,69.954892016549,845.104101789122,80,25
