"scenario","final_capacity","final_workload","final_backlog","maximum_pressure","maximum_burnout","total_attrition","average_delivery","diagnostic_label"
"baseline_organization",0.6,81259.8392081494,811198.392081494,81259.8392081494,72900.8900478171,9432.41254779221,32.3793274373223,"unsustainable operating pathway"
"high_demand_growth",0,278318.492308563,2781384.92308563,278318.492308563,250219.744731879,30111.4333892783,19.6941992143163,"unsustainable operating pathway"
"faster_hiring",433.593546984962,140,0,0.99597529839475,0.1,8.98926793225425,117.7205,"manageable operating pathway"
"slow_onboarding",0.6,186906.667381284,1867666.67381284,186906.667381284,167995.276762851,21873.6462667346,22.4471728381519,"unsustainable operating pathway"
"learning_investment",0,42136.5585775131,419965.585775131,42136.5585775131,37685.6519487181,4458.31885809792,40.33602792296,"unsustainable operating pathway"
"high_coordination_burden",0,144209.466180007,1440694.66180007,144209.466180007,129599.456220436,15567.9076706193,24.6643524004942,"unsustainable operating pathway"
"resilient_learning_system",17940.5518250442,130,0,0.877298967097742,0.1,1.42875038699929,111.1862,"manageable operating pathway"
