"scenario","final_stock","minimum_stock","maximum_stock","final_resilience_index","average_extraction","average_restoration","diagnostic_label"
"baseline_pressure",51.7557582773135,40.8601806294177,70,0.517557582773135,2.11941758673845,0.470145603315389,"degraded pathway"
"high_extraction",31.5889983910412,21.111928613349,70,0.315889983910412,2.2908522077917,0.647561198801277,"degraded pathway"
"restoration_investment",66.0383140235621,54.0956999437917,70,0.660383140235621,2.61356895222193,1.21312716680582,"degraded pathway"
"larger_disturbance",50.7857747298622,28.8601806294177,70,0.507857747298622,2.02857750339785,0.492855624150538,"degraded pathway"
"lower_growth",37.907189785695,28.6553074101959,70,0.37907189785695,1.6870415905497,0.578239602362575,"degraded pathway"
"strong_intervention",59.2324302144756,47.5280108051603,70,0.592324302144756,2.36667202005066,0.816663989974668,"degraded pathway"
"high_exposure_weight",51.7557582773135,40.8601806294177,70,0.517557582773135,2.11941758673845,0.470145603315389,"degraded pathway"
"low_flow_persistence",51.7557582773135,40.8601806294177,70,0.517557582773135,2.11941758673845,0.470145603315389,"degraded pathway"
