"model","rmse","mae"
"structural_baseline",3.83858064181938,2.54963535446957
"surrogate_model",0.489552065992972,0.384761722596255
"hybrid_residual_learning",0.489160474990148,0.384640523915796
