scenario,final_state,maximum_abs_state,minimum_performance,mean_performance,initial_adaptive_capacity,final_adaptive_capacity,adaptive_capacity_change,cumulative_performance_loss
baseline_adaptation,0.033800,2.507950,0.373013,0.925084,0.220000,0.153875,-0.066125,13.484911
weakened_capacity,1.691717,3.622716,0.094321,0.731544,0.160000,0.030000,-0.130000,48.321995
compound_stress,1.955157,4.186858,0.000000,0.742201,0.180000,0.030000,-0.150000,46.403863
learning_investment,0.000255,2.500054,0.374986,0.951105,0.240000,0.313965,0.073965,8.801172
high_redundancy,0.001671,2.125288,0.468678,0.954792,0.270000,0.247907,-0.022093,8.137487
fragile_efficiency,3.207561,5.315241,0.000000,0.523210,0.140000,0.020000,-0.120000,85.822145
