"scenario","final_state","maximum_abs_state","minimum_performance","mean_performance","initial_adaptive_capacity","final_adaptive_capacity","adaptive_capacity_change","average_recovery_time","unrecovered_shocks","cumulative_performance_loss"
"baseline_adaptation",0.0573072156615658,2.48599125803814,0.378502185490464,0.922492642372318,0.22,0.152460176842893,-0.0675398231571074,10.6,0,13.9513243729828
"weakened_capacity",1.68485205467506,3.6048547377218,0.0987863155695496,0.731440952646946,0.16,0.03,-0.13,19,3,48.3406285235497
"compound_stress",1.96378615776738,4.14237460288952,0,0.74155078842275,0.18,0.03,-0.15,19.3333333333333,2,46.5208580839051
"learning_investment",-0.000389224790136637,2.46402369473759,0.383994076315604,0.947245253014992,0.24,0.310536491732867,0.0705364917328668,6.6,0,9.49585445730147
"high_redundancy",0.0110827525822741,2.17860501668436,0.45534874582891,0.952170852932662,0.27,0.246417833101137,-0.023582166898863,6.6,0,8.60924647212076
"fragile_efficiency",3.14040608989084,5.19905700702221,0,0.512725287220055,0.14,0.02,-0.12,21,4,87.7094483003901
