scenario,final_output,final_capital,final_debt,final_fragility,maximum_fragility,minimum_output,average_output,average_investment,diagnostic_label
baseline_feedback,1311616.765204,1695568.238772,203609.87418,0.120084,0.315789,100.0,157449.438952,22647.340755,moderate fragility pathway
higher_debt_growth,915854.247488,1186634.426837,258136.516737,0.217537,0.315789,100.0,115240.338899,16156.831426,moderate fragility pathway
higher_investment,41055919.81737,55180421.120293,6352730.580136,0.115127,0.315789,100.0,3533118.762396,652826.096556,moderate fragility pathway
larger_shock,1313250.309305,1697679.875888,203863.49079,0.120084,0.315789,100.0,157645.728287,22675.575049,moderate fragility pathway
policy_support,18613591.980642,22713579.315282,2637626.637015,0.116126,0.315789,100.0,1721470.604829,275285.837918,moderate fragility pathway
rapid_depreciation,130132.764714,163610.624924,25938.54583,0.158538,0.315789,100.0,21923.71041,3189.764676,moderate fragility pathway
tighter_credit,1038569.644215,1339045.993107,161374.892107,0.120515,0.315789,100.0,128015.581875,18078.116705,moderate fragility pathway
weak_demand,123730.83559,191552.975482,24000.9865,0.125297,0.315789,100.0,20065.10419,2916.566476,moderate fragility pathway
