"scenario","final_output","final_capital","final_debt","final_fragility","maximum_fragility","minimum_output","average_output","average_investment","diagnostic_label"
"baseline_feedback",1311820.27401075,1695831.39932264,203641.488377176,0.120083569898821,0.31578947368421,100,157473.918879908,24340.4444808032,"moderate fragility pathway"
"higher_investment",41046433.2311488,55167670.3650999,6351262.63190901,0.115126533164738,0.31578947368421,100,3532302.3466461,722653.893115037,"moderate fragility pathway"
"tighter_credit",1038300.02918807,1338698.28127419,161332.979992114,0.120514818199778,0.31578947368421,100,127982.29628442,19383.7661387532,"moderate fragility pathway"
"larger_shock",1311733.82141293,1695719.63238688,203628.088504337,0.120083582577689,0.31578947368421,100,157463.663952979,24338.8578119268,"moderate fragility pathway"
"higher_debt_growth",916218.426579733,1187106.08245821,258239.148645772,0.217536707512291,0.31578947368421,100,115286.204996234,17309.4504226425,"moderate fragility pathway"
"weak_demand",123758.639576031,191596.287553502,24006.4090496405,0.12529683824347,0.31578947368421,100,20069.6043262907,3075.11486505629,"moderate fragility pathway"
"rapid_depreciation",130080.013816428,163544.882170831,25928.1293012709,0.158538310444882,0.31578947368421,100,21914.8633853556,3354.23989744864,"moderate fragility pathway"
"policy_support",18589207.485543,22683822.8956343,2634171.12573354,0.116125537474572,0.31578947368421,100,1719215.24489692,302150.307831226,"moderate fragility pathway"
