"scenario","final_system_state","final_capacity","final_trust","maximum_burden","average_uptake","maximum_side_effect","diagnostic_label"
"baseline_policy",0.886677100028206,1.49408118234903,0,1.69193238104479,0.328005193097068,1.53481344454197,"high burden policy pathway"
"stronger_policy",0.758784126071484,1.27916984838557,0,2.67973573975944,0.257853829498111,2.14873882235875,"high burden policy pathway"
"low_capacity_learning",1.53032249626412,3.13003604226342,0,1.68466906487326,0.33190742435643,1.53481344454197,"high burden policy pathway"
"high_burden_design",0.458858936874329,0.773659970398215,0,4.40699788295076,0.200952369600246,1.53481344454197,"high burden policy pathway"
"trust_centered_design",1.72870259995411,2.90888085670206,1,0.28,0.969026538309977,1.53481344454197,"manageable policy pathway"
"short_policy_window",0.651985624991886,1.099180433795,0.841142054587615,0.861319846226602,0.678550800642166,1.21216688889404,"manageable policy pathway"
"capacity_first_policy",1.29556622847801,1.89937437232298,1,0.493977567908295,0.934524256089434,1.53481344454197,"manageable policy pathway"
