scenario,initial_state,final_state,minimum_state,maximum_state,target_crossings,maximum_overshoot_above_target,mean_absolute_target_gap,cumulative_intervention,cumulative_counterresponse,resistance_ratio
timely_moderate_response,80.000000,70.967742,70.967742,80.000000,0,30.000000,21.410614,383.784599,0.000000,0.000000
delayed_response,80.000000,73.438788,63.210920,80.000000,0,30.000000,20.857853,379.869874,0.000000,0.000000
overcorrection,80.000000,61.444833,17.864991,82.801354,6,32.801354,18.180244,336.036215,0.000000,0.000000
undercorrection,80.000000,99.997524,80.000000,102.706851,0,52.706851,48.811982,422.532493,0.000000,0.000000
policy_resistance,80.000000,78.433727,77.646675,80.000000,0,30.000000,28.464128,678.906463,285.140714,0.420000
slow_recognition_high_resistance,80.000000,89.761092,80.000000,97.732786,0,47.732786,40.048513,913.591475,502.475312,0.550000
