"scenario","initial_state","final_state","minimum_state","maximum_state","final_target_gap","target_crossings","maximum_overshoot_above_target","maximum_undershoot_below_target","mean_absolute_target_gap","cumulative_intervention","cumulative_counterresponse","resistance_ratio"
"timely_moderate_response",80,70.9677419355047,70.9677419355047,80,20.9677419355047,0,30,0,21.4106139438079,383.784599375627,0,0
"delayed_response",80,73.4387882139341,63.210920232684,80,23.4387882139341,0,30,0,20.8578526482829,379.869873701425,0,0
"overcorrection",80,61.4448334997868,17.8649910479782,82.8013537250889,11.4448334997868,6,32.8013537250889,32.1350089520218,18.180243758092,336.036215417166,0,0
"undercorrection",80,99.9975235119707,80,102.706851132216,49.9975235119707,0,52.7068511322163,0,48.8119820336614,422.532493484384,0,0
"policy_resistance",80,78.4337270707741,77.6466747924145,80,28.4337270707741,0,30,0,28.4641275098084,678.906462977547,285.14071445057,0.42
"slow_recognition_high_resistance",80,89.7610919103509,80,97.7327860639786,39.7610919103509,0,47.7327860639786,0,40.0485132689526,913.591475476159,502.475311511888,0.55
"adaptive_moderated_response",80,65.8227966484712,63.2094870793304,80,15.8227966484712,0,30,0,16.1786249916477,330.129452269116,39.6155342722939,0.12
