"scenario","final_fast_cycle","final_slow_memory","release_events","maximum_fast_cycle","maximum_slow_memory","mean_cross_scale_coupling","growth_periods","conservation_periods","release_periods","reorganization_periods"
"baseline_panarchy",2.26226242931318,1.75362906813561,4,2.55017436987341,1.79751202031054,2.74856969301397,82,64,4,10
"strong_revolt",2.02295272941784,1.93722302078581,4,2.40481881520914,2.0468191372653,2.69669973548355,107,39,4,10
"strong_remember",2.15793228976823,2.07014211402375,9,2.62017277399984,2.1337488119461,3.25514118957812,83,62,9,6
"rigid_slow_structure",0,1.28276137434658,0,0.5,1.28276137434658,0.0154950083987801,0,0,0,160
"weak_memory_high_volatility",0,1.47861998372273,0,0.522428061831494,1.47861998372273,0.133042896174344,0,0,0,160
"recurrent_release",1.23238336538786,2.50141197706432,12,2.2451643845591,2.51051714854982,3.12334487678637,112,31,12,5
