"parameter","correlation_with_recovery","correlation_with_drawdown","correlation_with_pressure","absolute_recovery_correlation"
"growth_a",0.343462323780714,-0.0574286368494523,0.382005446609576,0.343462323780714
"coupling_ab",-0.220404332780658,-0.0113882090184305,-0.268959977552713,0.220404332780658
"coupling_ba",-0.104717333469799,0.0228273927494819,-0.0517487867132661,0.104717333469799
"growth_b",-0.101887424173223,-0.222759208141898,-0.0324261911814106,0.101887424173223
"balancing_b",0.0800056382662424,0.222945698408408,0.0216029348859436,0.0800056382662424
"target_b",-0.0789200041527343,0.0496957134533257,-0.0764361899063796,0.0789200041527343
"noise_sd",-0.0310570206026603,-0.0140822060562867,-0.0242435441662222,0.0310570206026603
"shock_size",0.00804094079178431,-0.0127318258725857,-0.000730743746136708,0.00804094079178431
