risk_id,risk_type,uncertainty,consequence,representation_gap,misuse_potential,ethical_risk_score
R1,boundary_power,0.750000,0.850000,0.600000,0.700000,1.118812
R2,data_power,0.650000,0.800000,0.500000,0.650000,0.861250
R3,proxy_bias,0.700000,0.750000,0.700000,0.600000,0.921375
R4,false_certainty,0.600000,0.700000,0.450000,0.800000,0.720300
R5,authority_transfer,0.800000,0.900000,0.650000,0.850000,1.359450
R6,optimization_narrowing,0.700000,0.800000,0.550000,0.750000,0.981750
R7,participation_tokenism,0.750000,0.780000,0.800000,0.700000,1.105650
R8,surveillance_asymmetry,0.680000,0.820000,0.720000,0.780000,1.054087
