group,affected,represented,influence,expected_benefit,expected_burden,net_benefit,burden_gap,power_burden_gap
public_agency,0.400000,1,0.950000,0.800000,0.200000,0.600000,-.600000,0.004000
technical_modelers,0.200000,1,0.850000,0.650000,0.150000,0.500000,-.500000,0.004500
frontline_workers,0.700000,1,0.450000,0.550000,0.350000,0.200000,-.200000,0.134750
affected_residents,0.950000,1,0.350000,0.500000,0.600000,-.100000,0.100000,0.370500
low_access_households,1.000000,0,0.100000,0.350000,0.800000,-.450000,0.450000,0.720000
future_generations,0.900000,0,0.000000,0.400000,0.750000,-.350000,0.350000,0.675000
local_environment,0.850000,0,0.050000,0.300000,0.700000,-.400000,0.400000,0.565250
