group,affected,represented,influence,expected_benefit,expected_burden,net_benefit,burden_gap,power_burden_gap,risk_label
public_agency,0.400000,1,0.950000,0.800000,0.200000,0.600000,-0.600000,0.004000,lower_power_burden_gap
technical_modelers,0.200000,1,0.850000,0.650000,0.150000,0.500000,-0.500000,0.004500,lower_power_burden_gap
frontline_workers,0.700000,1,0.450000,0.550000,0.350000,0.200000,-0.200000,0.134750,lower_power_burden_gap
affected_residents,0.950000,1,0.350000,0.500000,0.600000,-0.100000,0.100000,0.370500,moderate_power_burden_gap
low_access_households,1.000000,0,0.100000,0.350000,0.800000,-0.450000,0.450000,0.720000,high_power_burden_gap
future_generations,0.900000,0,0.000000,0.400000,0.750000,-0.350000,0.350000,0.675000,high_power_burden_gap
local_environment,0.850000,0,0.050000,0.300000,0.700000,-0.400000,0.400000,0.565250,high_power_burden_gap
