"scenario","final_stability","final_state","maximum_abs_state","final_rolling_variance","final_rolling_autocorrelation","variance_slope","autocorrelation_slope","warning_label"
"baseline_destabilization",0.985,-2.94814620065393,3.9552576897075,1.88853859872245,0.856018911855569,-0.000897790624399823,1.81617420273009e-05,"partial warning pattern"
"moderate_destabilization",0.9,1.89115843882362,4.31247896110183,0.52032117105493,0.462012470639441,0.00488096434423318,0.00130406501674297,"strengthening warning pattern"
"high_noise_destabilization",0.985,-4.14729970580152,9.16446320335019,10.2198845186928,0.861070834496597,0.0125075059278476,0.000574097547459158,"strengthening warning pattern"
"low_noise_destabilization",0.985,-1.87898255927221,3.12941001231524,0.879406247122383,0.717162888122756,-0.00102481103199306,-0.000107432558291691,"mixed or weak warning pattern"
"short_window",0.985,2.76020567128639,5.35569779116214,0.850570028719062,0.53374268749781,0.00857279533189271,0.00252564849145981,"strengthening warning pattern"
"long_window",0.985,1.74171705971835,5.92212415328405,1.10745894433387,0.628721082442402,0.004586561648936,0.000694351110409125,"strengthening warning pattern"
