"scenario","average_service","minimum_service","time_below_threshold","threshold_crossings","final_adaptive_capacity","final_degradation","transformed","resilience_score"
"moderate_climate_stress",0.781264601744786,0.736582395538503,0,0,0.892,0,0,0.781264601744786
"repeated_shocks",0.515206123982496,0.374942696789056,43,1,0.893201284596116,0.0147441445054649,0,-0.134954326594417
"delayed_adaptation",0.353731564674365,0.130251201926767,50,1,0.901401380030114,0.0160988841901167,0,-0.401903044792176
"targeted_resilience_investment",0.873960504710492,0.713805739434318,0,0,1,0,0,0.873960504710492
"compound_climate_stress",0.132729555796625,0,56,1,0.992776114561287,0.0675555504799056,0,-0.730914886871342
"transformation_pathway",0.366711885113892,0,41,1,1,0.026472617636352,0,-0.257553531058832
