step,affected_count,affected_share,new_failures
0,3,    0.100000,3
1,5,    0.166667,2
2,8,    0.266667,3
3,13,    0.433333,5
4,20,    0.666667,7
5,27,    0.900000,7
6,29,    0.966667,2
