scenario,minimum_stock,maximum_stock,final_stock,time_to_peak,maximum_inflow,maximum_outflow,threshold_active_periods
baseline_system_dynamics,20.000000,84.480218,83.484799,40,2.249374,1.236412,113
short_delay,20.000000,83.483719,83.483684,95,2.249374,1.181605,107
long_delay,20.000000,88.502109,83.359706,42,2.249374,1.457616,110
weak_balancing,20.000000,88.458156,88.451401,59,2.249374,0.661454,123
strong_balancing,20.000000,82.170084,78.756484,36,2.249374,1.815308,3
lower_capacity,20.000000,70.291741,69.850677,46,1.687044,0.456046,0
strong_threshold_correction,20.000000,84.108499,83.121545,39,2.249374,1.215967,113
