"scenario","minimum_stock","maximum_stock","final_stock","average_stock","time_to_peak","maximum_inflow","maximum_outflow","threshold_active_periods","diagnostic"
"baseline_system_dynamics",20,83.9442546848119,83.4838579388355,76.2574520308862,41,2.24937438735113,1.20693400766465,112,"persistent nonlinear threshold pressure"
"short_delay",20,83.48364596636,83.483605085851,75.9950841496764,94,2.24937438735113,1.1816005281498,105,"persistent nonlinear threshold pressure"
"long_delay",20,88.0012164367408,83.4672587995563,76.5498007484993,41,2.24937438735113,1.43006690402074,110,"persistent nonlinear threshold pressure"
"weak_balancing",20,88.4513947053485,88.4513913704099,80.0246360667004,94,2.24937438735113,0.661284867633712,122,"persistent nonlinear threshold pressure"
"strong_balancing",20,81.0695128664057,78.7385451906178,72.6486554556012,36,2.24937438735113,1.71625615797651,0,"contained trajectory under current assumptions"
"lower_capacity",20,70.0553889038014,69.8495565451476,63.9964556719038,47,1.68704380313621,0.443046389709075,0,"contained trajectory under current assumptions"
"strong_threshold_correction",20,83.6373874699844,83.1217071378584,76.0011456903877,40,2.24937438735113,1.19005631084914,112,"persistent nonlinear threshold pressure"
"high_growth",20,86.6723318601775,85.8056674933973,79.9718759147435,32,2.9994755406785,1.35697825230976,127,"persistent nonlinear threshold pressure"
