scenario,final_exponential,final_logistic,final_delayed_feedback,maximum_delayed_feedback,time_to_peak,maximum_outflow
baseline_historical_dynamics,250.000000,79.998926,250.000000,250.000000,45,11.700000
short_delay,250.000000,79.998926,250.000000,250.000000,51,11.700000
long_delay,250.000000,79.998926,250.000000,250.000000,43,11.700000
weak_balancing,250.000000,79.998926,250.000000,250.000000,43,5.850000
higher_growth,250.000000,79.999986,250.000000,250.000000,34,11.700000
