"scenario","final_population","final_housing","final_transport","final_service_capacity","final_accessibility","final_congestion","maximum_housing_gap","maximum_service_pressure","diagnostic_label"
"baseline_growth",309.928577724056,475.370777400685,404.62751280488,119.142374655766,98.706832066062,0.765960217523592,0,2.60132953216285,"capacity constrained pathway"
"high_accessibility_attraction",348.453844658658,507.58658041191,415.560008104863,119.142374655766,92.6650564053403,0.838516310190102,0,2.92468440104064,"capacity constrained pathway"
"congestion_sensitive",309.177319078286,473.922022214121,403.906034521299,119.142374655766,98.7117358877903,0.765468432391006,0,2.59502397842565,"capacity constrained pathway"
"housing_constraint",306.776170987164,440.697294304421,386.677609737666,119.142374655766,95.0590613012747,0.793364196068374,0,2.57487037566207,"capacity constrained pathway"
"transport_investment",343.527431689044,498.648373283625,480.698676670672,162.023641867437,108.380822092575,0.714641933421415,0,2.1202302807766,"capacity constrained pathway"
"managed_growth",340.189567987423,532.629153655907,482.396221056974,165.162639113571,109.588290168375,0.705207779700341,0,2.05972470416568,"capacity constrained pathway"
