"pathway","final_clean_energy_share","cumulative_emissions","average_climate_damages","average_transition_cost","average_land_pressure","average_water_stress","average_equity_score","final_adaptation_capacity","constraint_breach_count","average_sustainability_score"
"equity_centered_transition",1,8.96262743152374,0.0158786315772798,0.08112,0.515513963367877,0.444855332965503,0.718705101052998,0.811901432965058,0,0.295944358266093
"rapid_decarbonization",1,6.70679999999999,0.0182007717911572,0.103907317073171,0.530201219512195,0.443957071879024,0.577292513132775,0.575674728000001,0,0.262802937239755
"ecological_constraint",1,10.7263947592081,0.0193854112932387,0.0595512195121951,0.401507334280154,0.442562386394077,0.628215990003292,0.724170602596163,0,0.255158900128581
"adaptation_heavy",0.88,15.6356908657248,0.0127383832049863,0.0410107317073171,0.510963814100439,0.463549065049497,0.582615623987586,1,0,0.222568508917488
"delayed_transition",1,15.7341109171449,0.0389587820463068,0.0494731707317073,0.53591828975434,0.528162522041275,0.510523897218105,0.375457888376171,0,0.143496890551074
"baseline_continuation",0.72,20.6869051922675,0.0470559249273229,0.0150439024390244,0.537857408388627,0.55317655547581,0.478939794076965,0.286631304932072,0,0.0905579028946897
