"model","dataset","rmse","mae","bias","model_rank"
"performance_weighted_ensemble","validation",5.7144217840303,5.31921888230596,5.31921888230596,1
"managed_logistic","validation",9.99979866189395,9.72162827471452,9.72162827471452,2
"logistic","validation",10.2759480749993,10.0055041362108,10.0055041362108,3
"equal_weight_ensemble","validation",57.2827694159448,48.4778473202201,-48.4778473202201,4
"exponential","validation",190.20535234405,165.160674371586,-165.160674371586,5
