"benchmark","validation_rmse","validation_mae","validation_bias"
"calibrated_logistic",2.06785213000711,1.74003408561788,-1.54765363864309
"persistence",7.51417490294757,7.1372075820537,7.1372075820537
"linear_trend",24.9257750799024,20.9685412994865,-20.9038180140289
