"dataset","rmse","mae","bias","observation_count"
"calibration",1.12488342838055,0.904113233882406,-0.290011913693425,52
"validation",2.06785213000711,1.74003408561788,-1.54765363864309,28
