"scenario","arrival_rate","service_rate","implied_utilization","completed_entities","average_waiting_time","maximum_waiting_time","average_time_in_system","maximum_time_in_system","service_level_share","diagnostic"
"baseline_single_server",0.18,0.22,0.818181818181818,240,10.2945349975037,36.9994181256136,15.1362956490023,44.3865044915799,0.641666666666667,"contained waiting under current assumptions"
"higher_arrival_pressure",0.21,0.22,0.954545454545454,240,74.7513278218815,146.851933442256,79.719588741803,147.885489179502,0.1,"high waiting pressure"
"two_servers",0.3,0.22,0.681818181818182,240,220.891495058406,419.438194738965,225.835877314902,420.973985776993,0.0375,"high waiting pressure"
"faster_service",0.18,0.3,0.6,240,5.89964012649752,27.8840411983938,9.56800098978335,34.6587874056808,0.825,"contained waiting under current assumptions"
"stress_surge",0.25,0.22,1.13636363636364,240,67.7834537631758,117.571304928313,72.071499133396,119.323506329424,0.0291666666666667,"high waiting pressure"
"low_service_level_target",0.18,0.22,0.818181818181818,240,41.6330869212155,111.35909988528,46.5166506159901,115.663933233059,0.195833333333333,"high waiting pressure"
